{
  "Add to Cart" : {
    "transaction" : "Add to Cart",
    "sampleCount" : 100,
    "errorCount" : 0,
    "errorPct" : 0.0,
    "meanResTime" : 18.73999999999999,
    "medianResTime" : 17.0,
    "minResTime" : 14.0,
    "maxResTime" : 37.0,
    "pct1ResTime" : 28.0,
    "pct2ResTime" : 33.89999999999998,
    "pct3ResTime" : 36.989999999999995,
    "throughput" : 1.0104174034293567,
    "receivedKBytesPerSec" : 1.074555226889228,
    "sentKBytesPerSec" : 0.33647688922794006
  },
  "Total" : {
    "transaction" : "Total",
    "sampleCount" : 400,
    "errorCount" : 0,
    "errorPct" : 0.0,
    "meanResTime" : 46.32,
    "medianResTime" : 48.5,
    "minResTime" : 14.0,
    "maxResTime" : 82.0,
    "pct1ResTime" : 69.0,
    "pct2ResTime" : 73.0,
    "pct3ResTime" : 81.0,
    "throughput" : 3.7319351016485824,
    "receivedKBytesPerSec" : 92.90568612793074,
    "sentKBytesPerSec" : 0.9338948923803214
  },
  "Browse homepage" : {
    "transaction" : "Browse homepage",
    "sampleCount" : 100,
    "errorCount" : 0,
    "errorPct" : 0.0,
    "meanResTime" : 64.62000000000002,
    "medianResTime" : 64.0,
    "minResTime" : 44.0,
    "maxResTime" : 82.0,
    "pct1ResTime" : 76.0,
    "pct2ResTime" : 79.89999999999998,
    "pct3ResTime" : 82.0,
    "throughput" : 1.0100397955679454,
    "receivedKBytesPerSec" : 33.63511428600287,
    "sentKBytesPerSec" : 0.17951879179039654
  },
  "View Cart" : {
    "transaction" : "View Cart",
    "sampleCount" : 100,
    "errorCount" : 0,
    "errorPct" : 0.0,
    "meanResTime" : 50.71000000000001,
    "medianResTime" : 48.5,
    "minResTime" : 41.0,
    "maxResTime" : 71.0,
    "pct1ResTime" : 61.0,
    "pct2ResTime" : 65.0,
    "pct3ResTime" : 70.96999999999998,
    "throughput" : 1.010090807163564,
    "receivedKBytesPerSec" : 31.58901172715427,
    "sentKBytesPerSec" : 0.2396992833405723
  },
  "View Product " : {
    "transaction" : "View Product ",
    "sampleCount" : 100,
    "errorCount" : 0,
    "errorPct" : 0.0,
    "meanResTime" : 51.21,
    "medianResTime" : 49.0,
    "minResTime" : 42.0,
    "maxResTime" : 81.0,
    "pct1ResTime" : 63.900000000000006,
    "pct2ResTime" : 72.89999999999998,
    "pct3ResTime" : 80.97999999999999,
    "throughput" : 1.010192845814266,
    "receivedKBytesPerSec" : 34.28736577062561,
    "sentKBytesPerSec" : 0.255507760806538
  }
}