{
  "Add to Cart" : {
    "transaction" : "Add to Cart",
    "sampleCount" : 100,
    "errorCount" : 0,
    "errorPct" : 0.0,
    "meanResTime" : 18.229999999999997,
    "medianResTime" : 17.0,
    "minResTime" : 13.0,
    "maxResTime" : 47.0,
    "pct1ResTime" : 25.0,
    "pct2ResTime" : 28.899999999999977,
    "pct3ResTime" : 46.87999999999994,
    "throughput" : 1.0103969849753969,
    "receivedKBytesPerSec" : 1.0745335123419992,
    "sentKBytesPerSec" : 0.33647008972325226
  },
  "Total" : {
    "transaction" : "Total",
    "sampleCount" : 400,
    "errorCount" : 0,
    "errorPct" : 0.0,
    "meanResTime" : 46.82749999999999,
    "medianResTime" : 49.0,
    "minResTime" : 13.0,
    "maxResTime" : 85.0,
    "pct1ResTime" : 70.0,
    "pct2ResTime" : 73.0,
    "pct3ResTime" : 82.0,
    "throughput" : 3.731482518004403,
    "receivedKBytesPerSec" : 92.89441915976343,
    "sentKBytesPerSec" : 0.933781635975223
  },
  "Browse homepage" : {
    "transaction" : "Browse homepage",
    "sampleCount" : 100,
    "errorCount" : 0,
    "errorPct" : 0.0,
    "meanResTime" : 66.63,
    "medianResTime" : 66.0,
    "minResTime" : 49.0,
    "maxResTime" : 85.0,
    "pct1ResTime" : 77.80000000000001,
    "pct2ResTime" : 81.89999999999998,
    "pct3ResTime" : 85.0,
    "throughput" : 1.0098358006988064,
    "receivedKBytesPerSec" : 33.62832109748955,
    "sentKBytesPerSec" : 0.17948253488982693
  },
  "View Cart" : {
    "transaction" : "View Cart",
    "sampleCount" : 100,
    "errorCount" : 0,
    "errorPct" : 0.0,
    "meanResTime" : 51.34999999999998,
    "medianResTime" : 49.0,
    "minResTime" : 40.0,
    "maxResTime" : 67.0,
    "pct1ResTime" : 61.0,
    "pct2ResTime" : 62.0,
    "pct3ResTime" : 66.96999999999998,
    "throughput" : 1.0102642851369918,
    "receivedKBytesPerSec" : 31.594436979713894,
    "sentKBytesPerSec" : 0.23974045047684475
  },
  "View Product " : {
    "transaction" : "View Product ",
    "sampleCount" : 100,
    "errorCount" : 0,
    "errorPct" : 0.0,
    "meanResTime" : 51.1,
    "medianResTime" : 48.0,
    "minResTime" : 42.0,
    "maxResTime" : 78.0,
    "pct1ResTime" : 67.0,
    "pct2ResTime" : 73.0,
    "pct3ResTime" : 77.97999999999999,
    "throughput" : 1.0099683879894559,
    "receivedKBytesPerSec" : 34.27974735640774,
    "sentKBytesPerSec" : 0.2554509887590518
  }
}